,accuracy,recall,train_loss,val_loss
0,0.991020679473877,0.9814771744940016,0.48717182129621506,0.3738086600270536
1,0.9957366519504123,0.9825889584090974,0.3413553377613425,0.3277526439891921
2,0.9965478049384223,0.9902277787526449,0.31095669304745066,0.30570052978065276
3,0.9970984988742404,0.990103092458513,0.2921218224801123,0.2881803572591808
