,accuracy,recall,train_loss,val_loss
0,0.9964592191908095,0.9839050836033292,0.40178654880987275,0.29139147533310783
1,0.9964592191908095,0.9839050836033292,0.26056117636875975,0.24857941725187832
2,0.9964592191908095,0.9839050836033292,0.23078198549855086,0.2248310920678907
3,0.9964592191908095,0.9839050836033292,0.21163484935338298,0.20904395687911245
