,mPA,mIoU,train_loss,val_loss
0,0.9716188005275197,0.9341814377241664,0.41081649913556045,0.3020685567624039
1,0.9891808347569572,0.9711153763863776,0.2660276875313785,0.252192504497038
2,0.9931810688641336,0.9778293371200562,0.23637899171767962,0.23063254832393593
3,0.9883052706718445,0.9598185900184844,0.2192168290105959,0.2192522252185477
4,0.9923786802424325,0.9779698666599062,0.21246159490611818,0.20443055075075892
5,0.9926146492362022,0.9821398332715034,0.19490800140839484,0.19216201971802446
6,0.9932806806431876,0.983971580862999,0.1833476584094266,0.18136207490331596
