,accuracy,recall,train_loss,val_loss
0,0.9911839697096083,0.9538373500108719,0.3947016241856747,0.2922740951180458
1,0.9955431620279948,0.9762545285953416,0.2616813886496756,0.24550476380520397
2,0.9965818723042806,0.9878565818071365,0.2299703087968131,0.22546296173499691
3,0.9970693058437772,0.9890699792239401,0.2135594461320175,0.2105307678381602
