,mPA,mIoU
0,0.9081289604306221,0.8471057638525963
