,mPA,mIoU
0,0.9940728887915611,0.9853943839669228
